time:timestamp,activity,case_id,category_id,category_code,brand,price,user_id,user_session
2019-12-01 00:00:58 UTC,view,5817779,1487580010872045658,,irisk,0.79,576802932,f7257a5b-5449-4136-aa56-e373f484ffa2
2019-12-01 00:01:58 UTC,view,5810157,1487580009445982239,,irisk,1.43,494077766,c99a50e8-2fac-4c4d-89ec-41c05f114554
2019-12-01 00:02:41 UTC,cart,5810157,1487580009445982239,,irisk,1.43,494077766,c99a50e8-2fac-4c4d-89ec-41c05f114554
2019-12-01 00:02:42 UTC,view,5746846,2193074740686488401,furniture.bathroom.bath,irisk,52.70,579970581,0b92a801-25d8-4da5-b514-fda26db3faae
2019-12-01 00:03:02 UTC,view,5808510,1487580013522845895,,irisk,0.56,568755469,5e4fa4e9-0b52-441e-a2a2-b444bf0e1a6c
2019-12-01 00:03:10 UTC,remove_from_cart,5817779,1487580010872045658,,irisk,0.79,576802932,51d85cb0-897f-48d2-918b-ad63965c12dc
2019-12-01 00:04:00 UTC,view,5700843,1487580007936033754,,irisk,0.24,482493001,3a269176-01d2-45ba-bd88-0bdeb8893f66
2019-12-01 00:05:53 UTC,view,5685798,1487580009445982239,,irisk,0.16,544461907,c1aa42ab-d836-4ba0-baed-bea50d5f5bdb
2019-12-01 00:09:09 UTC,view,5746848,2193074740686488401,furniture.bathroom.bath,irisk,54.76,499259978,4ee80bbb-17cb-447d-9188-9aa306db3481
2019-12-01 00:10:56 UTC,remove_from_cart,5809545,1487580008112194531,,irisk,0.25,502635772,ed65a8db-5e9e-4119-4b3d-8da16ebf2d1c
2019-12-01 00:11:21 UTC,view,5841293,1487580008145748965,,irisk,4.29,556730134,cb5fd730-c087-49d7-b6ad-52241c5ec1f4
2019-12-01 00:11:23 UTC,view,5735080,1487580010125459512,,irisk,2.38,579966747,1512be50-d0fd-4a92-bcd8-3ea3943f2a3b
2019-12-01 00:12:32 UTC,cart,5587760,1487580006317032337,,irisk,1.59,513026898,2b88b00a-892a-4639-bce4-1ea17a7d6221
2019-12-01 00:12:46 UTC,cart,5587768,1487580006317032337,,irisk,2.54,513026898,2b88b00a-892a-4639-bce4-1ea17a7d6221
2019-12-01 00:12:57 UTC,view,5735080,1487580010125459512,,irisk,2.38,579966747,1512be50-d0fd-4a92-bcd8-3ea3943f2a3b
2019-12-01 00:13:37 UTC,cart,5807866,1487580009471148064,,irisk,0.79,579751441,8de492d7-0937-47ae-be2c-a7615aec2b0d
2019-12-01 00:13:40 UTC,cart,5807866,1487580009471148064,,irisk,0.79,579751441,8de492d7-0937-47ae-be2c-a7615aec2b0d
2019-12-01 00:13:43 UTC,cart,5807866,1487580009471148064,,irisk,0.79,579751441,8de492d7-0937-47ae-be2c-a7615aec2b0d
2019-12-01 00:13:46 UTC,cart,5807866,1487580009471148064,,irisk,0.79,579751441,8de492d7-0937-47ae-be2c-a7615aec2b0d
2019-12-01 00:13:58 UTC,cart,5854897,1487580009445982239,,irisk,0.32,579966747,1512be50-d0fd-4a92-bcd8-3ea3943f2a3b
2019-12-01 00:14:49 UTC,cart,5811642,1487580010872045658,,irisk,0.79,473613801,d1e90c6a-c030-4d06-aaaf-6d12ec502bb9
2019-12-01 00:15:18 UTC,cart,5697350,1487580013430571202,,irisk,1.59,579363554,b31849c8-d1ab-4066-8344-d16d6315059b
2019-12-01 00:17:50 UTC,purchase,5811642,1487580010872045658,,irisk,0.79,473613801,d1e90c6a-c030-4d06-aaaf-6d12ec502bb9
2019-12-01 00:18:24 UTC,cart,5810157,1487580009445982239,,irisk,1.43,494077766,c99a50e8-2fac-4c4d-89ec-41c05f114554
2019-12-01 00:21:43 UTC,cart,5759240,1487580009605365797,,irisk,0.24,579751441,8de492d7-0937-47ae-be2c-a7615aec2b0d
2019-12-01 00:21:54 UTC,view,5700867,1487580009445982239,,irisk,1.11,579966747,1512be50-d0fd-4a92-bcd8-3ea3943f2a3b
2019-12-01 00:22:00 UTC,cart,5700867,1487580009445982239,,irisk,1.11,579966747,1512be50-d0fd-4a92-bcd8-3ea3943f2a3b
2019-12-01 00:25:00 UTC,cart,5698369,1487580009605365797,,irisk,0.32,579751441,8de492d7-0937-47ae-be2c-a7615aec2b0d
2019-12-01 00:25:02 UTC,view,5854903,1487580013522845895,,irisk,1.11,568755469,63905f7e-ebe9-474b-b18a-0659fcd17f58
2019-12-01 00:26:15 UTC,purchase,5705002,1487580006551913373,,irisk,3.33,494077766,c99a50e8-2fac-4c4d-89ec-41c05f114554
2019-12-01 00:26:15 UTC,purchase,5810157,1487580009445982239,,irisk,1.43,494077766,c99a50e8-2fac-4c4d-89ec-41c05f114554
2019-12-01 00:26:39 UTC,cart,5773606,1487580006317032337,,irisk,1.59,579975825,1161e48c-73c8-41f9-8f9f-233451b90abc
2019-12-01 00:27:10 UTC,cart,5835924,1487580009471148064,,irisk,1.51,578006085,b6f419f7-acde-4223-97f9-2965591e5ee0
2019-12-01 00:28:18 UTC,cart,5810078,1487580005427839846,,irisk,5.40,578006085,b6f419f7-acde-4223-97f9-2965591e5ee0
2019-12-01 00:28:24 UTC,view,5895616,1487580005427839846,,irisk,5.40,578006085,b6f419f7-acde-4223-97f9-2965591e5ee0
2019-12-01 00:32:55 UTC,view,5810084,1487580006350586771,appliances.environment.vacuum,irisk,24.60,578006085,b6f419f7-acde-4223-97f9-2965591e5ee0
2019-12-01 00:35:23 UTC,view,5773605,1487580006317032337,,irisk,1.90,579966747,1512be50-d0fd-4a92-bcd8-3ea3943f2a3b
2019-12-01 00:35:33 UTC,cart,5705001,1487580006551913373,,irisk,3.33,578006085,b6f419f7-acde-4223-97f9-2965591e5ee0
2019-12-01 00:35:41 UTC,cart,5704995,1487580008145748965,,irisk,3.02,514615315,75dc3b3c-5b8d-49a6-9c3b-1649ad5f85b6
2019-12-01 00:36:34 UTC,cart,5854897,1487580009445982239,,irisk,0.32,579751441,8de492d7-0937-47ae-be2c-a7615aec2b0d
2019-12-01 00:36:37 UTC,cart,5854897,1487580009445982239,,irisk,0.32,579751441,8de492d7-0937-47ae-be2c-a7615aec2b0d
2019-12-01 00:36:39 UTC,cart,5854897,1487580009445982239,,irisk,0.32,579751441,8de492d7-0937-47ae-be2c-a7615aec2b0d
2019-12-01 00:36:41 UTC,cart,5854897,1487580009445982239,,irisk,0.32,579751441,8de492d7-0937-47ae-be2c-a7615aec2b0d
2019-12-01 00:36:46 UTC,cart,5854897,1487580009445982239,,irisk,0.32,579751441,8de492d7-0937-47ae-be2c-a7615aec2b0d
2019-12-01 00:36:48 UTC,cart,5854897,1487580009445982239,,irisk,0.32,579751441,8de492d7-0937-47ae-be2c-a7615aec2b0d
2019-12-01 00:36:50 UTC,cart,5854897,1487580009445982239,,irisk,0.32,579751441,8de492d7-0937-47ae-be2c-a7615aec2b0d
2019-12-01 00:36:51 UTC,cart,5854897,1487580009445982239,,irisk,0.32,579751441,8de492d7-0937-47ae-be2c-a7615aec2b0d
2019-12-01 00:36:53 UTC,cart,5854897,1487580009445982239,,irisk,0.32,579751441,8de492d7-0937-47ae-be2c-a7615aec2b0d
2019-12-01 00:36:54 UTC,cart,5854897,1487580009445982239,,irisk,0.32,579751441,8de492d7-0937-47ae-be2c-a7615aec2b0d
2019-12-01 00:36:54 UTC,cart,5854897,1487580009445982239,,irisk,0.32,579751441,8de492d7-0937-47ae-be2c-a7615aec2b0d
2019-12-01 00:37:16 UTC,cart,5696867,1487580009286598681,,irisk,1.11,578006085,b6f419f7-acde-4223-97f9-2965591e5ee0
2019-12-01 00:37:56 UTC,cart,5714118,1487580009521479714,,irisk,1.51,513026898,2b88b00a-892a-4639-bce4-1ea17a7d6221
2019-12-01 00:38:13 UTC,cart,5735080,1487580010125459512,,irisk,2.38,513026898,2b88b00a-892a-4639-bce4-1ea17a7d6221
2019-12-01 00:38:43 UTC,cart,5810144,1487580006317032337,,irisk,9.52,579751441,8de492d7-0937-47ae-be2c-a7615aec2b0d
2019-12-01 00:40:15 UTC,cart,5773603,1487580006317032337,,irisk,1.59,513026898,2b88b00a-892a-4639-bce4-1ea17a7d6221
2019-12-01 00:40:29 UTC,cart,5773604,1487580006317032337,,irisk,1.90,513026898,2b88b00a-892a-4639-bce4-1ea17a7d6221
2019-12-01 00:40:45 UTC,cart,5773608,1487580006317032337,,irisk,1.90,513026898,2b88b00a-892a-4639-bce4-1ea17a7d6221
2019-12-01 00:41:01 UTC,cart,5773609,1487580006317032337,,irisk,1.90,513026898,2b88b00a-892a-4639-bce4-1ea17a7d6221
2019-12-01 00:44:20 UTC,remove_from_cart,5807855,1487580010645553231,,irisk,5.52,579751441,8de492d7-0937-47ae-be2c-a7615aec2b0d
2019-12-01 00:44:20 UTC,remove_from_cart,5807855,1487580010645553231,,irisk,5.52,579751441,8de492d7-0937-47ae-be2c-a7615aec2b0d
2019-12-01 00:52:42 UTC,view,5807863,1487580009471148064,,irisk,2.54,556849931,9e07f86f-57ca-400f-bf5b-eeecff4419d4
2019-12-01 00:53:01 UTC,remove_from_cart,5587768,1487580006317032337,,irisk,2.54,513026898,2b88b00a-892a-4639-bce4-1ea17a7d6221
2019-12-01 00:53:01 UTC,remove_from_cart,5587768,1487580006317032337,,irisk,2.54,513026898,2b88b00a-892a-4639-bce4-1ea17a7d6221
2019-12-01 00:54:17 UTC,remove_from_cart,5700854,1487580009471148064,,irisk,4.13,576802932,51d85cb0-897f-48d2-918b-ad63965c12dc
2019-12-01 00:54:50 UTC,remove_from_cart,5773604,1487580006317032337,,irisk,1.90,513026898,2b88b00a-892a-4639-bce4-1ea17a7d6221
2019-12-01 00:54:50 UTC,remove_from_cart,5773604,1487580006317032337,,irisk,1.90,513026898,2b88b00a-892a-4639-bce4-1ea17a7d6221
2019-12-01 00:55:56 UTC,view,5735080,1487580010125459512,,irisk,2.38,513026898,2b88b00a-892a-4639-bce4-1ea17a7d6221
2019-12-01 00:58:39 UTC,view,5809100,2151191071051219817,,irisk,1.59,576152108,7d0352dc-9081-4a07-a7e2-b39e7ca80d93
2019-12-01 01:00:53 UTC,view,5896712,1487580013950664926,,irisk,50.63,538441067,78154164-c940-4e84-92f8-a84597a868bf
2019-12-01 01:02:10 UTC,view,5781044,1487580008145748965,,irisk,5.71,579972058,ca71f1cb-4dc8-4015-9abd-ece9c70279a6
2019-12-01 01:02:25 UTC,view,5836204,1487580013539623112,,irisk,13.49,538441067,78154164-c940-4e84-92f8-a84597a868bf
2019-12-01 01:03:15 UTC,view,5781044,1487580008145748965,,irisk,5.71,579972058,ca71f1cb-4dc8-4015-9abd-ece9c70279a6
2019-12-01 01:03:43 UTC,cart,5836204,1487580013539623112,,irisk,13.49,538441067,78154164-c940-4e84-92f8-a84597a868bf
2019-12-01 01:06:38 UTC,remove_from_cart,5696902,1487580006526747548,,irisk,1.90,555084359,ad5a319a-9c80-44a1-991e-71484f8bb9e2
2019-12-01 01:06:39 UTC,remove_from_cart,5696902,1487580006526747548,,irisk,1.90,555084359,ad5a319a-9c80-44a1-991e-71484f8bb9e2
2019-12-01 01:08:29 UTC,cart,5784670,1487580005855658874,,irisk,2.22,555084359,ad5a319a-9c80-44a1-991e-71484f8bb9e2
2019-12-01 01:08:54 UTC,purchase,5854897,1487580009445982239,,irisk,0.32,252159723,1a63a5f4-f96f-4ca1-985f-8d64cbd153a9
2019-12-01 01:09:30 UTC,view,5710612,1487580011853512836,,irisk,4.29,548228624,79657694-323c-417a-9595-94ac699392b6
2019-12-01 01:10:08 UTC,cart,5710612,1487580011853512836,,irisk,4.29,548228624,79657694-323c-417a-9595-94ac699392b6
2019-12-01 01:13:47 UTC,cart,5807882,1487580009546645539,,irisk,1.51,412312543,06413816-e2fd-4c26-adb0-cb0aad586ba2
2019-12-01 01:18:32 UTC,purchase,5810157,1487580009445982239,,irisk,1.43,356011474,e38133d8-bd17-e4e1-194f-e01d325312db
2019-12-01 01:18:44 UTC,view,5587770,1487580006317032337,,irisk,2.54,506154254,36ed65c4-f647-4d48-a79d-37003d6e4018
2019-12-01 01:23:57 UTC,view,5816396,1487580009445982239,,irisk,1.75,579991578,1188c095-290b-495c-b531-f0623f65e3f3
2019-12-01 01:26:43 UTC,view,5781044,1487580008145748965,,irisk,5.71,499259978,2f99e001-e5c2-40c1-9172-371a73b64265
2019-12-01 01:27:35 UTC,view,5816396,1487580009445982239,,irisk,1.75,579991578,1188c095-290b-495c-b531-f0623f65e3f3
2019-12-01 01:30:47 UTC,purchase,5700854,1487580009471148064,,irisk,4.13,576802932,c2e3713b-9c29-4f87-a38c-03889c51dd38
2019-12-01 01:31:33 UTC,cart,5835924,1487580009471148064,,irisk,1.51,548228624,79657694-323c-417a-9595-94ac699392b6
2019-12-01 01:33:53 UTC,view,5810136,1487580009445982239,,irisk,1.43,579993910,9d6ddab6-b795-4372-92b2-199abcbab422
2019-12-01 01:33:59 UTC,cart,5810136,1487580009445982239,,irisk,1.43,579993910,9d6ddab6-b795-4372-92b2-199abcbab422
2019-12-01 01:37:58 UTC,view,5588154,1487580006300255120,,irisk,77.78,579995737,dcc92f81-4db9-4d6e-b9fd-b6fcbcfa5151
2019-12-01 01:46:40 UTC,cart,5810157,1487580009445982239,,irisk,1.43,555042132,d01d1582-e4ca-4b8f-b547-5c4d018bcb1f
2019-12-01 01:48:22 UTC,cart,5851607,2055161088059638328,,irisk,1.75,399500412,2bc4c444-1302-40ac-a364-7026df6bcf4a
2019-12-01 01:48:24 UTC,cart,5851608,2055161088059638328,,irisk,1.75,399500412,2bc4c444-1302-40ac-a364-7026df6bcf4a
2019-12-01 01:48:51 UTC,cart,5896608,1487580005427839846,,irisk,2.48,332844936,d8a2c1a5-58c9-41e9-8bea-de6457e144c1
2019-12-01 01:49:05 UTC,cart,5851612,2055161088059638328,,irisk,1.75,399500412,2bc4c444-1302-40ac-a364-7026df6bcf4a
2019-12-01 01:49:27 UTC,view,5816383,1783999064103190764,,irisk,3.33,556522610,cf1a6664-fbda-49c7-91a7-0f12406247ab
2019-12-01 01:50:34 UTC,view,5808510,1487580013522845895,,irisk,0.56,568755469,cb80bd06-97a4-4b03-b9ed-0012cdab84c6
2019-12-01 01:50:41 UTC,cart,5808510,1487580013522845895,,irisk,0.56,568755469,cb80bd06-97a4-4b03-b9ed-0012cdab84c6
2019-12-01 01:50:44 UTC,cart,5808510,1487580013522845895,,irisk,0.56,568755469,cb80bd06-97a4-4b03-b9ed-0012cdab84c6
2019-12-01 01:50:48 UTC,cart,5808510,1487580013522845895,,irisk,0.56,568755469,cb80bd06-97a4-4b03-b9ed-0012cdab84c6
2019-12-01 01:51:27 UTC,cart,5851611,2055161088059638328,,irisk,1.75,399500412,2bc4c444-1302-40ac-a364-7026df6bcf4a
2019-12-01 01:57:37 UTC,view,5759279,1487580013388628160,,irisk,1.11,580000815,ff85ab3a-435c-430f-b276-3a625b7f652d
2019-12-01 01:58:10 UTC,cart,5854899,2151191071118328683,,irisk,2.86,332844936,d8a2c1a5-58c9-41e9-8bea-de6457e144c1
2019-12-01 02:08:55 UTC,view,5801137,1487580008758116352,,irisk,6.27,580003152,33bc9ab6-b706-4e3e-bb9e-a96c22b67565
2019-12-01 02:11:25 UTC,purchase,5851607,2055161088059638328,,irisk,1.75,399500412,2bc4c444-1302-40ac-a364-7026df6bcf4a
2019-12-01 02:11:25 UTC,purchase,5851608,2055161088059638328,,irisk,1.75,399500412,2bc4c444-1302-40ac-a364-7026df6bcf4a
2019-12-01 02:11:25 UTC,purchase,5851611,2055161088059638328,,irisk,1.75,399500412,2bc4c444-1302-40ac-a364-7026df6bcf4a
2019-12-01 02:11:25 UTC,purchase,5851612,2055161088059638328,,irisk,1.75,399500412,2bc4c444-1302-40ac-a364-7026df6bcf4a
2019-12-01 02:12:39 UTC,cart,5810157,1487580009445982239,,irisk,1.43,579972058,8c9fb590-38a5-403a-9865-5abd0b09b6c6
2019-12-01 02:14:40 UTC,cart,5801139,1516331853567492962,,irisk,8.02,580001287,dcce7d00-bc94-4f33-8bfc-e27159a014e1
2019-12-01 02:16:09 UTC,view,5700861,1487580013539623112,,irisk,14.21,580005636,a4014441-d757-4bf6-aff2-42f91c76f0cc
2019-12-01 02:16:52 UTC,view,5768981,1487580006300255120,,irisk,82.54,579971563,d39fe716-5a50-4c1a-bdb0-fdd4bd3c434e
2019-12-01 02:20:09 UTC,view,5768981,1487580006300255120,,irisk,82.54,579971563,d39fe716-5a50-4c1a-bdb0-fdd4bd3c434e
2019-12-01 02:20:44 UTC,cart,5705002,1487580006551913373,,irisk,3.33,579972058,8c9fb590-38a5-403a-9865-5abd0b09b6c6
2019-12-01 02:21:01 UTC,view,5851610,2055161088059638328,,irisk,1.75,525766207,7ea02a52-e0fc-453f-bf15-33e870ca8b76
2019-12-01 02:23:14 UTC,cart,5781044,1487580008145748965,,irisk,5.71,494927872,43a3b91a-048b-4787-823b-1b88ec597274
2019-12-01 02:24:57 UTC,remove_from_cart,5781044,1487580008145748965,,irisk,5.71,494927872,43a3b91a-048b-4787-823b-1b88ec597274
2019-12-01 02:24:57 UTC,remove_from_cart,5781044,1487580008145748965,,irisk,5.71,494927872,43a3b91a-048b-4787-823b-1b88ec597274
2019-12-01 02:25:51 UTC,remove_from_cart,5801139,1516331853567492962,,irisk,8.02,580001287,dcce7d00-bc94-4f33-8bfc-e27159a014e1
2019-12-01 02:25:51 UTC,remove_from_cart,5801139,1516331853567492962,,irisk,8.02,580001287,dcce7d00-bc94-4f33-8bfc-e27159a014e1
2019-12-01 02:27:10 UTC,view,5854897,1487580009445982239,,irisk,0.32,461601686,2c928e09-f100-469a-891b-ee8357eb8195
2019-12-01 02:31:11 UTC,view,5794757,1783999063314661546,,irisk,5.40,580009394,c611b07b-75a6-4116-ba4e-05eb2c230745
2019-12-01 02:34:29 UTC,view,5857192,1487580005855658874,,irisk,2.54,424697427,36ec6d93-3731-f944-4d59-da0cfc4d30fa
2019-12-01 02:44:20 UTC,remove_from_cart,5851609,2055161088059638328,,irisk,1.57,403288877,c433a0ba-14b6-4458-9f1d-8c0f6bedb8c8
2019-12-01 02:44:20 UTC,remove_from_cart,5851609,2055161088059638328,,irisk,1.57,403288877,c433a0ba-14b6-4458-9f1d-8c0f6bedb8c8
2019-12-01 02:46:42 UTC,view,5808510,1487580013522845895,,irisk,0.56,563916907,2b6f72a0-fa6e-47bf-8366-161727db489b
2019-12-01 02:48:15 UTC,view,5764714,1487580012927254698,,irisk,15.86,491995755,2a9b2794-ae79-4a0f-a9bc-067eebb745d8
2019-12-01 02:54:17 UTC,cart,5773607,1487580006317032337,,irisk,1.59,403288877,c433a0ba-14b6-4458-9f1d-8c0f6bedb8c8
2019-12-01 02:54:53 UTC,cart,5810145,1487580006317032337,,irisk,9.52,403288877,c433a0ba-14b6-4458-9f1d-8c0f6bedb8c8
2019-12-01 02:57:18 UTC,cart,5662462,1487580009286598681,,irisk,0.71,578212270,1cd00c5e-e39a-4ae0-937b-e8f11056c9cf
2019-12-01 02:57:20 UTC,cart,5716351,1487580010872045658,,irisk,0.79,565717811,776eb467-fca6-46de-9b74-368437148219
2019-12-01 02:57:23 UTC,cart,5714118,1487580009521479714,,irisk,1.51,536575089,3ebaf98a-0bca-4840-86c7-458d732c5e83
2019-12-01 02:59:01 UTC,cart,5716352,1487580010872045658,,irisk,0.79,565717811,776eb467-fca6-46de-9b74-368437148219
2019-12-01 02:59:18 UTC,cart,5851610,2055161088059638328,,irisk,1.75,565717811,776eb467-fca6-46de-9b74-368437148219
2019-12-01 03:00:28 UTC,view,5724674,1487580005427839846,,irisk,2.48,423591395,9c29dae0-026c-4ee3-9ade-db11084070dd
2019-12-01 03:00:31 UTC,cart,5700825,1487580010779770966,,irisk,3.43,565717811,776eb467-fca6-46de-9b74-368437148219
2019-12-01 03:00:34 UTC,view,5808495,1487580013522845895,,irisk,3.02,580017074,8c855480-9589-45a8-8187-b52afd0864f3
2019-12-01 03:00:58 UTC,remove_from_cart,5812037,1487580005427839846,,irisk,2.48,564342418,1bb0c96b-c742-418e-8d91-66c34521490f
2019-12-01 03:01:02 UTC,remove_from_cart,5896616,1487580005427839846,,irisk,2.48,564342418,1bb0c96b-c742-418e-8d91-66c34521490f
2019-12-01 03:01:29 UTC,cart,5851611,2055161088059638328,,irisk,1.75,565717811,776eb467-fca6-46de-9b74-368437148219
2019-12-01 03:01:35 UTC,view,5724297,1487580005427839846,,irisk,2.48,564342418,1bb0c96b-c742-418e-8d91-66c34521490f
2019-12-01 03:04:46 UTC,view,5810133,1487580007894090712,,irisk,10.00,326406407,bdd035d9-3fe3-4e7e-bdc9-4dcbaba8ce5f
2019-12-01 03:05:25 UTC,remove_from_cart,5714118,1487580009521479714,,irisk,1.51,536575089,3ebaf98a-0bca-4840-86c7-458d732c5e83
2019-12-01 03:05:40 UTC,remove_from_cart,5854897,1487580009445982239,,irisk,0.32,575187011,f5594f56-6952-8d74-dc3f-b36627876776
2019-12-01 03:05:40 UTC,remove_from_cart,5854897,1487580009445982239,,irisk,0.32,575187011,f5594f56-6952-8d74-dc3f-b36627876776
2019-12-01 03:05:41 UTC,remove_from_cart,5700825,1487580010779770966,,irisk,3.43,565717811,776eb467-fca6-46de-9b74-368437148219
2019-12-01 03:05:41 UTC,remove_from_cart,5700825,1487580010779770966,,irisk,3.43,565717811,776eb467-fca6-46de-9b74-368437148219
2019-12-01 03:08:25 UTC,remove_from_cart,5724297,1487580005427839846,,irisk,2.48,564342418,1bb0c96b-c742-418e-8d91-66c34521490f
2019-12-01 03:08:25 UTC,remove_from_cart,5724563,1487580005427839846,,irisk,2.48,564342418,1bb0c96b-c742-418e-8d91-66c34521490f
2019-12-01 03:09:15 UTC,cart,5847854,1487580005092295511,,irisk,3.81,578212270,1cd00c5e-e39a-4ae0-937b-e8f11056c9cf
2019-12-01 03:09:18 UTC,cart,5816396,1487580009445982239,,irisk,1.75,577896203,3b1166ba-ba37-4c7f-aaa0-50708b86fb6c
2019-12-01 03:09:46 UTC,view,5854897,1487580009445982239,,irisk,0.32,580017670,d9b713a1-dbc8-4082-97bd-a07285cb52dc
2019-12-01 03:10:49 UTC,cart,5849879,1487580012969197740,,irisk,7.86,579373654,2ab2c504-e60d-4579-8253-39e352e02fcb
2019-12-01 03:11:17 UTC,cart,5587740,1487580006551913373,,irisk,0.87,579971563,d39fe716-5a50-4c1a-bdb0-fdd4bd3c434e
2019-12-01 03:11:37 UTC,cart,5705002,1487580006551913373,,irisk,3.33,579971563,d39fe716-5a50-4c1a-bdb0-fdd4bd3c434e
2019-12-01 03:12:39 UTC,cart,5835924,1487580009471148064,,irisk,1.51,536575089,3ebaf98a-0bca-4840-86c7-458d732c5e83
2019-12-01 03:12:51 UTC,view,5807863,1487580009471148064,,irisk,2.54,536575089,3ebaf98a-0bca-4840-86c7-458d732c5e83
2019-12-01 03:13:08 UTC,cart,5793704,1487580006509970331,,irisk,2.38,579971563,d39fe716-5a50-4c1a-bdb0-fdd4bd3c434e
2019-12-01 03:13:18 UTC,cart,5807859,1487580009471148064,,irisk,1.27,536575089,3ebaf98a-0bca-4840-86c7-458d732c5e83
2019-12-01 03:14:29 UTC,remove_from_cart,5847854,1487580005092295511,,irisk,3.81,578212270,1cd00c5e-e39a-4ae0-937b-e8f11056c9cf
2019-12-01 03:16:10 UTC,view,5810083,1487580006350586771,appliances.environment.vacuum,irisk,24.60,438996965,4b3ae663-6365-4b0d-b534-8b16ad4082d2
2019-12-01 03:18:26 UTC,view,5810083,1487580006350586771,appliances.environment.vacuum,irisk,24.60,438996965,4b3ae663-6365-4b0d-b534-8b16ad4082d2
2019-12-01 03:19:00 UTC,remove_from_cart,5909036,1487580005427839846,,irisk,6.19,484673715,f82780f3-3ec2-4340-bc53-50c25ee511b1
2019-12-01 03:20:31 UTC,view,5841297,1487580010645553231,,irisk,46.83,579971563,d39fe716-5a50-4c1a-bdb0-fdd4bd3c434e
2019-12-01 03:21:17 UTC,cart,5793703,1487580006509970331,,irisk,2.22,403288877,c433a0ba-14b6-4458-9f1d-8c0f6bedb8c8
2019-12-01 03:21:29 UTC,remove_from_cart,5851612,2055161088059638328,,irisk,1.75,403288877,c433a0ba-14b6-4458-9f1d-8c0f6bedb8c8
2019-12-01 03:21:30 UTC,remove_from_cart,5851612,2055161088059638328,,irisk,1.75,403288877,c433a0ba-14b6-4458-9f1d-8c0f6bedb8c8
2019-12-01 03:21:36 UTC,view,5835951,1487580007483048900,,irisk,2.06,579188316,c18e46d6-e424-4878-9efa-975a06c6db44
2019-12-01 03:21:51 UTC,view,5807856,1487580010645553231,,irisk,3.65,579971563,d39fe716-5a50-4c1a-bdb0-fdd4bd3c434e
2019-12-01 03:22:00 UTC,remove_from_cart,5773607,1487580006317032337,,irisk,1.59,403288877,c433a0ba-14b6-4458-9f1d-8c0f6bedb8c8
2019-12-01 03:22:07 UTC,cart,5807856,1487580010645553231,,irisk,3.65,579971563,d39fe716-5a50-4c1a-bdb0-fdd4bd3c434e
2019-12-01 03:22:40 UTC,view,5809107,1487580010645553231,,irisk,29.37,579971563,d39fe716-5a50-4c1a-bdb0-fdd4bd3c434e
2019-12-01 03:22:55 UTC,cart,5678741,1487580009471148064,,irisk,4.68,536575089,3ebaf98a-0bca-4840-86c7-458d732c5e83
2019-12-01 03:23:22 UTC,view,5841297,1487580010645553231,,irisk,46.83,579971563,d39fe716-5a50-4c1a-bdb0-fdd4bd3c434e
2019-12-01 03:24:13 UTC,cart,5809107,1487580010645553231,,irisk,29.37,579971563,d39fe716-5a50-4c1a-bdb0-fdd4bd3c434e
2019-12-01 03:27:44 UTC,view,5841298,1487580006300255120,,irisk,82.54,580019087,faccb1fa-6b72-4f3f-8ff6-5694b15f3268
2019-12-01 03:27:45 UTC,purchase,5849879,1487580012969197740,,irisk,7.86,579373654,2ab2c504-e60d-4579-8253-39e352e02fcb
2019-12-01 03:28:00 UTC,cart,5704998,1487580008145748965,,irisk,1.11,577896203,71d459bd-1e85-4de4-9ba9-5514d1ee185c
2019-12-01 03:28:30 UTC,view,5768981,1487580006300255120,,irisk,82.54,580019087,3a57291e-a506-4fdf-9b4b-a88fe14d30de
2019-12-01 03:30:59 UTC,remove_from_cart,5587740,1487580006551913373,,irisk,0.87,579971563,d39fe716-5a50-4c1a-bdb0-fdd4bd3c434e
2019-12-01 03:30:59 UTC,remove_from_cart,5587740,1487580006551913373,,irisk,0.87,579971563,d39fe716-5a50-4c1a-bdb0-fdd4bd3c434e
2019-12-01 03:32:12 UTC,view,5729897,1487580005092295511,,irisk,6.19,522362305,83cdf9cb-2970-41da-b931-108ba67005d9
2019-12-01 03:32:25 UTC,remove_from_cart,5851607,2055161088059638328,,irisk,1.75,403288877,509a86cc-7528-4be3-bcf9-4de86b547489
2019-12-01 03:32:40 UTC,remove_from_cart,5810145,1487580006317032337,,irisk,9.52,403288877,509a86cc-7528-4be3-bcf9-4de86b547489
2019-12-01 03:32:40 UTC,remove_from_cart,5810145,1487580006317032337,,irisk,9.52,403288877,509a86cc-7528-4be3-bcf9-4de86b547489
2019-12-01 03:33:46 UTC,remove_from_cart,5854900,2089259162625114209,,irisk,0.63,538742531,7260165b-158f-4c7e-a2d3-b68dd49a6859
2019-12-01 03:35:14 UTC,view,5808510,1487580013522845895,,irisk,0.56,538742531,7260165b-158f-4c7e-a2d3-b68dd49a6859
2019-12-01 03:35:23 UTC,view,5809107,1487580010645553231,,irisk,29.37,580025665,791ef3c9-a2cb-4d5f-b884-42f69e192023
2019-12-01 03:37:39 UTC,purchase,5793703,1487580006509970331,,irisk,2.22,403288877,509a86cc-7528-4be3-bcf9-4de86b547489
2019-12-01 03:37:41 UTC,purchase,5678741,1487580009471148064,,irisk,4.68,536575089,3ebaf98a-0bca-4840-86c7-458d732c5e83
2019-12-01 03:37:41 UTC,purchase,5807859,1487580009471148064,,irisk,1.27,536575089,3ebaf98a-0bca-4840-86c7-458d732c5e83
2019-12-01 03:37:41 UTC,purchase,5835924,1487580009471148064,,irisk,1.51,536575089,3ebaf98a-0bca-4840-86c7-458d732c5e83
2019-12-01 03:39:30 UTC,remove_from_cart,5563536,2195085255034011676,,irisk,3.02,539734485,4b498c49-622c-471a-8ae0-38c9b07694ba
2019-12-01 03:39:30 UTC,remove_from_cart,5563536,2195085255034011676,,irisk,3.02,539734485,4b498c49-622c-471a-8ae0-38c9b07694ba
2019-12-01 03:39:45 UTC,view,5808266,1487580008162526182,,irisk,11.41,405972375,cc159550-bf49-4e32-be0a-ee4d3a3d0d9d
2019-12-01 03:39:48 UTC,view,5835962,1487580007483048900,,irisk,2.06,415229577,00d19de0-dc00-4c97-915e-60168453fd61
2019-12-01 03:40:12 UTC,view,5808265,1487580008162526182,,irisk,9.94,405972375,cc159550-bf49-4e32-be0a-ee4d3a3d0d9d
2019-12-01 03:40:31 UTC,remove_from_cart,5808265,1487580008162526182,,irisk,9.94,405972375,cc159550-bf49-4e32-be0a-ee4d3a3d0d9d
2019-12-01 03:40:31 UTC,remove_from_cart,5808265,1487580008162526182,,irisk,9.94,405972375,cc159550-bf49-4e32-be0a-ee4d3a3d0d9d
2019-12-01 03:40:56 UTC,view,5563594,1487580010645553231,,irisk,49.05,580025665,791ef3c9-a2cb-4d5f-b884-42f69e192023
2019-12-01 03:41:49 UTC,view,5854897,1487580009445982239,,irisk,0.32,578412655,c53d4b0f-2fab-43d8-b071-7a1e920c9de0
2019-12-01 03:42:53 UTC,view,5854897,1487580009445982239,,irisk,0.32,578412655,c53d4b0f-2fab-43d8-b071-7a1e920c9de0
2019-12-01 03:43:59 UTC,purchase,5808266,1487580008162526182,,irisk,11.41,405972375,cc159550-bf49-4e32-be0a-ee4d3a3d0d9d
2019-12-01 03:44:08 UTC,cart,5704998,1487580008145748965,,irisk,1.11,427767108,97ec3ac4-78d0-48ca-94b4-013698c8825f
2019-12-01 03:44:09 UTC,cart,5704999,1487580008145748965,,irisk,1.11,427767108,97ec3ac4-78d0-48ca-94b4-013698c8825f
2019-12-01 03:44:11 UTC,cart,5705000,1487580008145748965,,irisk,1.11,427767108,97ec3ac4-78d0-48ca-94b4-013698c8825f
2019-12-01 03:46:23 UTC,cart,5806392,1487580008145748965,,irisk,1.35,427767108,97ec3ac4-78d0-48ca-94b4-013698c8825f
2019-12-01 03:47:07 UTC,purchase,5854897,1487580009445982239,,irisk,0.32,543041103,19944c75-cd60-41fa-bf1b-6a5f29e89820
2019-12-01 03:49:50 UTC,cart,5854903,1487580013522845895,,irisk,1.11,552399359,9b87ef4f-91ab-440b-a22c-97075b7fe88e
2019-12-01 03:49:52 UTC,cart,5854903,1487580013522845895,,irisk,1.11,552399359,9b87ef4f-91ab-440b-a22c-97075b7fe88e
2019-12-01 03:51:24 UTC,view,5809099,2151191071051219817,,irisk,3.81,534426339,aaeb67a3-e0eb-45dc-ad1b-eeed0ee3c350
2019-12-01 03:51:37 UTC,view,5809099,2151191071051219817,,irisk,3.81,534426339,aaeb67a3-e0eb-45dc-ad1b-eeed0ee3c350
2019-12-01 03:51:54 UTC,view,5809100,2151191071051219817,,irisk,1.59,534426339,aaeb67a3-e0eb-45dc-ad1b-eeed0ee3c350
2019-12-01 03:52:19 UTC,view,5809099,2151191071051219817,,irisk,3.81,534426339,aaeb67a3-e0eb-45dc-ad1b-eeed0ee3c350
2019-12-01 03:56:08 UTC,view,5854897,1487580009445982239,,irisk,0.32,403325248,ca2780d1-3866-41f3-b127-878edfd508d3
2019-12-01 03:56:26 UTC,cart,5854897,1487580009445982239,,irisk,0.32,403325248,ca2780d1-3866-41f3-b127-878edfd508d3
2019-12-01 03:56:38 UTC,view,5854897,1487580009445982239,,irisk,0.32,403325248,ca2780d1-3866-41f3-b127-878edfd508d3
2019-12-01 03:59:43 UTC,view,5854882,1487580009445982239,,irisk,0.95,580033698,c5439da8-6d11-4d03-82a8-ddb3440eeaa0
2019-12-01 04:00:12 UTC,view,5841298,1487580006300255120,,irisk,82.54,578000570,2b90eb2a-f0bd-448a-8512-25d51f5f8812
2019-12-01 04:05:46 UTC,view,5841298,1487580006300255120,,irisk,82.54,578000570,e178ab21-bec7-46e8-aa0b-7f1e88eca57a
2019-12-01 04:06:19 UTC,view,5745720,1487580006317032337,,irisk,8.57,578000570,b4f5c196-2465-47e0-934b-fcf3e79eb202
2019-12-01 04:06:31 UTC,view,5809667,2151191071051219817,,irisk,3.17,538742531,0bc9ef3e-b9c2-4c4e-9a38-27b04ec2ecb7
2019-12-01 04:07:06 UTC,cart,5809667,2151191071051219817,,irisk,3.17,538742531,0bc9ef3e-b9c2-4c4e-9a38-27b04ec2ecb7
2019-12-01 04:08:25 UTC,view,5745720,1487580006317032337,,irisk,8.57,578000570,9cf0da92-8044-4a0e-ab3d-91dbc40d57d8
2019-12-01 04:10:55 UTC,remove_from_cart,5809667,2151191071051219817,,irisk,3.17,538742531,0bc9ef3e-b9c2-4c4e-9a38-27b04ec2ecb7
2019-12-01 04:10:58 UTC,cart,5587740,1487580006551913373,,irisk,0.87,580008929,d13e7791-3b0d-4b58-b0ca-5a69b0d2ae40
2019-12-01 04:11:23 UTC,view,5696902,1487580006526747548,,irisk,1.90,580008929,d13e7791-3b0d-4b58-b0ca-5a69b0d2ae40
2019-12-01 04:12:15 UTC,view,5696902,1487580006526747548,,irisk,1.90,580008929,d13e7791-3b0d-4b58-b0ca-5a69b0d2ae40
2019-12-01 04:13:09 UTC,cart,5817781,1487580005427839846,,irisk,6.83,502848852,53db4d7d-3f47-46d5-b5e3-bc695df71a85
2019-12-01 04:13:51 UTC,view,5808510,1487580013522845895,,irisk,0.56,580037761,f2affa6b-0c8d-4baf-b6e7-998962353936
2019-12-01 04:14:09 UTC,view,5773161,1487580006551913373,,irisk,3.81,580008929,d13e7791-3b0d-4b58-b0ca-5a69b0d2ae40
2019-12-01 04:14:12 UTC,cart,5891032,1487580005092295511,,irisk,8.73,502848852,53db4d7d-3f47-46d5-b5e3-bc695df71a85
2019-12-01 04:14:27 UTC,cart,5891029,1605161575889502297,,irisk,5.24,502848852,53db4d7d-3f47-46d5-b5e3-bc695df71a85
2019-12-01 04:17:04 UTC,cart,5741315,1487580005268456287,,irisk,10.00,502848852,5aecbd8e-ccd6-4a01-b97b-f97e8168bbf6
2019-12-01 04:17:14 UTC,cart,5706479,1487580013950664926,,irisk,11.35,502848852,5aecbd8e-ccd6-4a01-b97b-f97e8168bbf6
2019-12-01 04:17:36 UTC,remove_from_cart,5807860,1487580009471148064,,irisk,1.75,453096066,6d882cc7-e28a-4999-b736-ac36843d70bd
2019-12-01 04:17:36 UTC,remove_from_cart,5807860,1487580009471148064,,irisk,1.75,453096066,6d882cc7-e28a-4999-b736-ac36843d70bd
2019-12-01 04:17:44 UTC,cart,5891032,1487580005092295511,,irisk,8.73,502848852,5aecbd8e-ccd6-4a01-b97b-f97e8168bbf6
2019-12-01 04:17:55 UTC,remove_from_cart,5786711,1487580007659209676,,irisk,1.21,453096066,6d882cc7-e28a-4999-b736-ac36843d70bd
2019-12-01 04:17:55 UTC,remove_from_cart,5786711,1487580007659209676,,irisk,1.21,453096066,6d882cc7-e28a-4999-b736-ac36843d70bd
2019-12-01 04:18:05 UTC,cart,5706479,1487580013950664926,,irisk,11.35,502848852,5aecbd8e-ccd6-4a01-b97b-f97e8168bbf6
2019-12-01 04:18:14 UTC,cart,5692463,1487580005092295511,,irisk,6.19,502848852,5aecbd8e-ccd6-4a01-b97b-f97e8168bbf6
2019-12-01 04:18:23 UTC,remove_from_cart,5891032,1487580005092295511,,irisk,8.73,502848852,5aecbd8e-ccd6-4a01-b97b-f97e8168bbf6
2019-12-01 04:18:26 UTC,remove_from_cart,5706479,1487580013950664926,,irisk,11.35,502848852,5aecbd8e-ccd6-4a01-b97b-f97e8168bbf6
2019-12-01 04:18:58 UTC,remove_from_cart,5692463,1487580005092295511,,irisk,6.19,502848852,5aecbd8e-ccd6-4a01-b97b-f97e8168bbf6
2019-12-01 04:18:58 UTC,remove_from_cart,5692463,1487580005092295511,,irisk,6.19,502848852,5aecbd8e-ccd6-4a01-b97b-f97e8168bbf6
2019-12-01 04:20:31 UTC,view,5854882,1487580009445982239,,irisk,0.95,580008929,d13e7791-3b0d-4b58-b0ca-5a69b0d2ae40
2019-12-01 04:21:01 UTC,view,5706479,1487580013950664926,,irisk,11.35,502848852,5aecbd8e-ccd6-4a01-b97b-f97e8168bbf6
2019-12-01 04:21:07 UTC,cart,5854882,1487580009445982239,,irisk,0.95,381816972,bb6ece2f-f127-633c-7a1d-fd836ba6faad
2019-12-01 04:21:59 UTC,remove_from_cart,5706479,1487580013950664926,,irisk,11.35,502848852,5aecbd8e-ccd6-4a01-b97b-f97e8168bbf6
2019-12-01 04:21:59 UTC,remove_from_cart,5706479,1487580013950664926,,irisk,11.35,502848852,5aecbd8e-ccd6-4a01-b97b-f97e8168bbf6
2019-12-01 04:22:53 UTC,cart,5807867,1487580009445982239,,irisk,2.06,381816972,bb6ece2f-f127-633c-7a1d-fd836ba6faad
2019-12-01 04:22:57 UTC,cart,5854897,1487580009445982239,,irisk,0.32,580038556,8c1d8073-1ef6-4be8-9ce4-705f33eb81d8
2019-12-01 04:24:23 UTC,remove_from_cart,5741315,1487580005268456287,,irisk,10.00,502848852,5aecbd8e-ccd6-4a01-b97b-f97e8168bbf6
2019-12-01 04:25:09 UTC,view,5729897,1487580005092295511,,irisk,6.19,522362305,83cdf9cb-2970-41da-b931-108ba67005d9
2019-12-01 04:26:02 UTC,cart,5741315,1487580005268456287,,irisk,10.00,502848852,5aecbd8e-ccd6-4a01-b97b-f97e8168bbf6
2019-12-01 04:26:36 UTC,cart,5705002,1487580006551913373,,irisk,3.33,381816972,bb6ece2f-f127-633c-7a1d-fd836ba6faad
2019-12-01 04:26:41 UTC,remove_from_cart,5835924,1487580009471148064,,irisk,1.51,522362305,83cdf9cb-2970-41da-b931-108ba67005d9
2019-12-01 04:26:42 UTC,remove_from_cart,5835924,1487580009471148064,,irisk,1.51,522362305,83cdf9cb-2970-41da-b931-108ba67005d9
2019-12-01 04:26:55 UTC,cart,5705002,1487580006551913373,,irisk,3.33,381816972,bb6ece2f-f127-633c-7a1d-fd836ba6faad
2019-12-01 04:28:04 UTC,cart,5854882,1487580009445982239,,irisk,0.95,381816972,bb6ece2f-f127-633c-7a1d-fd836ba6faad
2019-12-01 04:28:19 UTC,view,5890838,1783999063314661546,,irisk,8.41,564582446,313322a1-8697-4bc5-bb64-48cf02cfa38d
2019-12-01 04:29:32 UTC,cart,5729898,1487580008145748965,,irisk,3.33,381816972,bb6ece2f-f127-633c-7a1d-fd836ba6faad
2019-12-01 04:29:44 UTC,view,5808510,1487580013522845895,,irisk,0.56,478265508,18e6337b-65be-4a05-a3a6-aea206d6ad9e
2019-12-01 04:30:17 UTC,purchase,5854897,1487580009445982239,,irisk,0.32,580038556,8c1d8073-1ef6-4be8-9ce4-705f33eb81d8
2019-12-01 04:30:54 UTC,remove_from_cart,5773610,1487580006317032337,,irisk,1.90,577230055,a16545af-ccc6-44d2-be14-d1c801715571
2019-12-01 04:32:18 UTC,cart,5849879,1487580012969197740,,irisk,7.86,494159345,e55386ed-0571-40c2-87d9-644b14ad252d
2019-12-01 04:35:15 UTC,purchase,5808510,1487580013522845895,,irisk,0.56,538742531,289e9595-d546-4b60-a4a4-8dde817ba534
2019-12-01 04:35:15 UTC,purchase,5810136,1487580009445982239,,irisk,1.43,538742531,289e9595-d546-4b60-a4a4-8dde817ba534
2019-12-01 04:39:19 UTC,view,5587748,1487580006317032337,,irisk,1.90,564582446,313322a1-8697-4bc5-bb64-48cf02cfa38d
2019-12-01 04:40:07 UTC,view,5854897,1487580009445982239,,irisk,0.32,403325248,7aca5fac-87e6-4052-a975-b1f4fa9b4999
2019-12-01 04:40:50 UTC,view,5773600,1487580006317032337,,irisk,1.59,564582446,313322a1-8697-4bc5-bb64-48cf02cfa38d
2019-12-01 04:42:00 UTC,view,5587740,1487580006551913373,,irisk,0.87,580008929,d13e7791-3b0d-4b58-b0ca-5a69b0d2ae40
2019-12-01 04:42:24 UTC,remove_from_cart,5587740,1487580006551913373,,irisk,0.87,580008929,d13e7791-3b0d-4b58-b0ca-5a69b0d2ae40
2019-12-01 04:42:24 UTC,remove_from_cart,5587740,1487580006551913373,,irisk,0.87,580008929,d13e7791-3b0d-4b58-b0ca-5a69b0d2ae40
2019-12-01 04:45:02 UTC,remove_from_cart,5851610,2055161088059638328,,irisk,1.75,565717811,c7b3eca3-f97d-4904-82e0-43c8ac7d0bb0
2019-12-01 04:45:02 UTC,remove_from_cart,5851610,2055161088059638328,,irisk,1.75,565717811,c7b3eca3-f97d-4904-82e0-43c8ac7d0bb0
2019-12-01 04:47:23 UTC,cart,5835924,1487580009471148064,,irisk,1.51,580047208,a7af552c-2bf4-4467-ba3d-512d76d4ae37
2019-12-01 04:47:36 UTC,remove_from_cart,5705001,1487580006551913373,,irisk,3.33,565717811,c7b3eca3-f97d-4904-82e0-43c8ac7d0bb0
2019-12-01 04:47:36 UTC,remove_from_cart,5705001,1487580006551913373,,irisk,3.33,565717811,c7b3eca3-f97d-4904-82e0-43c8ac7d0bb0
2019-12-01 04:47:56 UTC,view,5810081,2193074740619379535,furniture.living_room.cabinet,irisk,98.41,580047824,80c0fd2b-390e-4ed4-87d8-6d00e84ed12b
2019-12-01 04:48:41 UTC,cart,5895910,1487580005427839846,,irisk,4.92,543340163,d2e108ac-c7b9-4dda-9d3c-89f432598b59
2019-12-01 04:48:53 UTC,cart,5807862,1487580009471148064,,irisk,1.51,580047208,a7af552c-2bf4-4467-ba3d-512d76d4ae37
2019-12-01 04:49:46 UTC,cart,5807882,1487580009546645539,,irisk,1.51,580047208,a7af552c-2bf4-4467-ba3d-512d76d4ae37
2019-12-01 04:50:05 UTC,cart,5793703,1487580006509970331,,irisk,2.22,577230055,a16545af-ccc6-44d2-be14-d1c801715571
2019-12-01 04:50:19 UTC,cart,5810157,1487580009445982239,,irisk,1.43,580047208,a7af552c-2bf4-4467-ba3d-512d76d4ae37
2019-12-01 04:51:46 UTC,view,5808510,1487580013522845895,,irisk,0.56,563916907,82cca5b8-70f9-515f-843a-0f7536351222
2019-12-01 04:52:56 UTC,view,5836205,1487580009202712597,,irisk,4.92,580049124,da60d395-1b6e-4ddd-9c65-1d58da356c2c
2019-12-01 04:53:47 UTC,cart,5793704,1487580006509970331,,irisk,2.38,561435906,ab6633cd-994a-4d1d-be92-247247b9d872
2019-12-01 04:54:06 UTC,view,5909034,1487580005427839846,,irisk,6.19,580016255,580c47be-7f44-4ba5-9e96-b4488073a04a
2019-12-01 04:55:18 UTC,purchase,5854897,1487580009445982239,,irisk,0.32,403325248,7aca5fac-87e6-4052-a975-b1f4fa9b4999
2019-12-01 04:55:53 UTC,view,5764714,1487580012927254698,,irisk,15.86,552929394,e2bf0c06-8c75-41c9-95d3-e667bc4084c8
2019-12-01 04:55:58 UTC,view,5704998,1487580008145748965,,irisk,1.11,564409809,df74b4d5-e81a-47d3-a7b6-67e16aa3de55
2019-12-01 04:57:30 UTC,remove_from_cart,5759279,1487580013388628160,,irisk,1.11,513931240,087fc568-91d6-44df-b354-5053dddcadaa
2019-12-01 04:57:30 UTC,remove_from_cart,5759279,1487580013388628160,,irisk,1.11,513931240,087fc568-91d6-44df-b354-5053dddcadaa
2019-12-01 05:01:03 UTC,view,5764714,1487580012927254698,,irisk,15.86,552929394,e2bf0c06-8c75-41c9-95d3-e667bc4084c8
2019-12-01 05:02:39 UTC,view,5847854,1487580005092295511,,irisk,3.81,537100098,20db11f4-8532-4aaf-8eed-f0e8c2e29754
2019-12-01 05:02:50 UTC,view,5759279,1487580013388628160,,irisk,1.11,580049124,0232030e-e263-4afd-a1d9-883a7e88028e
2019-12-01 05:03:23 UTC,view,5810145,1487580006317032337,,irisk,9.52,470560203,c0834719-9c84-4150-b902-b31e15218291
2019-12-01 05:03:31 UTC,cart,5764714,1487580012927254698,,irisk,15.86,552929394,e2bf0c06-8c75-41c9-95d3-e667bc4084c8
2019-12-01 05:03:38 UTC,remove_from_cart,5807856,1487580010645553231,,irisk,3.65,399967334,c4b4daf7-8bb9-42e0-9004-03f23566ef6c
2019-12-01 05:04:27 UTC,view,5764714,1487580012927254698,,irisk,15.86,552929394,e2bf0c06-8c75-41c9-95d3-e667bc4084c8
2019-12-01 05:07:08 UTC,view,5816396,1487580009445982239,,irisk,1.75,580053776,8e9b1a30-0b7b-4168-a29f-a5065a9b3e7d
2019-12-01 05:08:20 UTC,cart,5896610,1487580005427839846,,irisk,2.48,580047208,a7af552c-2bf4-4467-ba3d-512d76d4ae37
2019-12-01 05:08:26 UTC,view,5696103,1487580007432717250,,irisk,5.56,570408036,e7fea2ba-0668-4cdd-bc84-68e2391bfca6
2019-12-01 05:08:57 UTC,cart,5696103,1487580007432717250,,irisk,5.56,570408036,e7fea2ba-0668-4cdd-bc84-68e2391bfca6
2019-12-01 05:10:00 UTC,view,5807855,1487580010645553231,,irisk,5.52,484502030,ce12802c-1f02-4d01-9379-e3a8a3090bd9
2019-12-01 05:11:13 UTC,view,5714119,1487580006317032337,,irisk,5.08,552860275,78089dc4-fa5f-4b50-830b-26a1a8136a98
2019-12-01 05:12:56 UTC,view,5810145,1487580006317032337,,irisk,9.52,580055654,1876d4e7-55a9-4685-93d0-480a3cd9a5f2
2019-12-01 05:13:24 UTC,view,5873627,1487580007675986893,,irisk,1.11,428710446,885948cc-afa3-46a5-a336-96441b3a1564
2019-12-01 05:14:08 UTC,view,5768981,1487580006300255120,,irisk,82.54,570756540,f8d9eeef-a485-4e2e-87b1-98c534e3f016
2019-12-01 05:15:36 UTC,view,5768981,1487580006300255120,,irisk,82.54,579371061,91e2a73c-2035-44bb-b6c9-0e472adef3fc
2019-12-01 05:16:55 UTC,cart,5896619,1487580005427839846,,irisk,2.48,580047208,a7af552c-2bf4-4467-ba3d-512d76d4ae37
2019-12-01 05:19:50 UTC,remove_from_cart,5700842,1487580013489291461,,irisk,1.43,579363554,fe9b60b8-9e64-a219-7791-d91badb63362
2019-12-01 05:19:50 UTC,remove_from_cart,5700842,1487580013489291461,,irisk,1.43,579363554,fe9b60b8-9e64-a219-7791-d91badb63362
2019-12-01 05:19:50 UTC,remove_from_cart,5808501,1487580013388628160,,irisk,1.27,579363554,fe9b60b8-9e64-a219-7791-d91badb63362
2019-12-01 05:19:50 UTC,remove_from_cart,5841304,2151191071118328683,,irisk,0.71,579363554,fe9b60b8-9e64-a219-7791-d91badb63362
2019-12-01 05:20:05 UTC,remove_from_cart,5697350,1487580013430571202,,irisk,1.59,579363554,fe9b60b8-9e64-a219-7791-d91badb63362
2019-12-01 05:20:19 UTC,view,5696103,1487580007432717250,,irisk,5.56,570408036,e7fea2ba-0668-4cdd-bc84-68e2391bfca6
2019-12-01 05:20:42 UTC,view,5854896,1487580006551913373,,irisk,0.95,463495129,04c9e658-7750-417b-a708-191ae64c6657
2019-12-01 05:21:03 UTC,cart,5704995,1487580008145748965,,irisk,3.02,580053614,b590221d-f732-4149-876d-a8892a273c76
2019-12-01 05:22:27 UTC,view,5696103,1487580007432717250,,irisk,5.56,580058777,4b0167dd-a879-43c8-8989-c3b890b52566
2019-12-01 05:22:33 UTC,cart,5773605,1487580006317032337,,irisk,1.90,399967334,5a370cec-48a4-4b33-95a9-64f71525496f
2019-12-01 05:25:05 UTC,cart,5587754,1487580006317032337,,irisk,2.54,399967334,5a370cec-48a4-4b33-95a9-64f71525496f
2019-12-01 05:27:07 UTC,view,5716351,1487580010872045658,,irisk,0.79,565717811,c7b3eca3-f97d-4904-82e0-43c8ac7d0bb0
2019-12-01 05:28:12 UTC,remove_from_cart,5854897,1487580009445982239,,irisk,0.32,292543047,09effba0-1f4a-4be3-8ae9-a8d8def18f99
2019-12-01 05:29:38 UTC,view,5587754,1487580006317032337,,irisk,2.54,399967334,0b664a20-0c77-47f8-be5a-7db08f5fd7e4
2019-12-01 05:31:14 UTC,view,5563594,1487580010645553231,,irisk,49.05,564365555,3900d033-04ce-486f-8616-c339f0c61330
2019-12-01 05:31:42 UTC,view,5746848,2193074740686488401,furniture.bathroom.bath,irisk,54.76,580061650,b7089324-7cb7-4a1d-b95b-caddaf08158d
2019-12-01 05:32:14 UTC,view,5841298,1487580006300255120,,irisk,82.54,574321084,50944863-450c-4569-a6f9-5edecc7a7f57
2019-12-01 05:32:30 UTC,view,5810157,1487580009445982239,,irisk,1.43,570391427,e6b3f63d-ce47-4e6d-a40d-c5a07f82ec7c
2019-12-01 05:32:38 UTC,view,5773605,1487580006317032337,,irisk,1.90,399967334,97295285-784a-49e6-9e38-9a5a3d3d0a86
2019-12-01 05:32:52 UTC,view,5706479,1487580013950664926,,irisk,11.35,411115153,2552157c-1d1d-4911-b8ca-84338e56a182
2019-12-01 05:34:09 UTC,view,5808488,1487580013506068678,,irisk,2.78,550188796,5d05ab09-3e09-441b-8b2f-d35876ac6696
2019-12-01 05:34:19 UTC,view,5808488,1487580013506068678,,irisk,2.78,550188796,5d05ab09-3e09-441b-8b2f-d35876ac6696
2019-12-01 05:34:51 UTC,cart,5714118,1487580009521479714,,irisk,1.51,556579890,8ef52524-9c74-6509-dec9-25d724f1729d
2019-12-01 05:36:25 UTC,view,5896710,1487580006962955182,,irisk,4.29,508980781,4e852e4f-225c-459b-96c0-37287854ca3a
2019-12-01 05:37:12 UTC,view,5746974,2193074740686488401,furniture.bathroom.bath,irisk,52.70,579664496,410f33b4-6c0f-411e-bb3d-b717e5db78ef
2019-12-01 05:38:11 UTC,view,5768981,1487580006300255120,,irisk,82.54,577064033,db0c4972-bfb5-4982-8c46-9b4f1a82dece
2019-12-01 05:40:06 UTC,view,5841296,1487580008112194531,,irisk,1.90,456336373,977ebf19-b1ea-4307-ac29-c13987b5062a
2019-12-01 05:40:37 UTC,view,5841298,1487580006300255120,,irisk,82.54,456678229,a8947e31-06a1-4263-91eb-20d2563d4ec0
2019-12-01 05:41:01 UTC,cart,5854903,1487580013522845895,,irisk,1.11,481840448,f449fd6e-81fd-4cb6-88a4-4fc095a0847b
2019-12-01 05:41:26 UTC,view,5808501,1487580013388628160,,irisk,1.27,546596397,18a8e575-b921-4aef-a034-504d9c6cf703
2019-12-01 05:41:35 UTC,cart,5706142,1487580009286598681,,irisk,0.63,565717811,d3c37f32-4ff9-4099-9449-60b1e44836ea
2019-12-01 05:42:48 UTC,cart,5706142,1487580009286598681,,irisk,0.63,565717811,d3c37f32-4ff9-4099-9449-60b1e44836ea
2019-12-01 05:43:00 UTC,remove_from_cart,5706142,1487580009286598681,,irisk,0.63,565717811,d3c37f32-4ff9-4099-9449-60b1e44836ea
2019-12-01 05:43:03 UTC,remove_from_cart,5706142,1487580009286598681,,irisk,0.63,565717811,d3c37f32-4ff9-4099-9449-60b1e44836ea
2019-12-01 05:43:03 UTC,remove_from_cart,5706142,1487580009286598681,,irisk,0.63,565717811,d3c37f32-4ff9-4099-9449-60b1e44836ea
2019-12-01 05:43:12 UTC,cart,5773608,1487580006317032337,,irisk,1.90,551119191,7e8afec1-f1da-937b-0477-167249660b6c
2019-12-01 05:43:30 UTC,cart,5587740,1487580006551913373,,irisk,0.87,399967334,97295285-784a-49e6-9e38-9a5a3d3d0a86
2019-12-01 05:43:47 UTC,cart,5773607,1487580006317032337,,irisk,1.59,459377142,958b23e5-a8e5-4f38-a92a-959d5b29b6bc
2019-12-01 05:43:49 UTC,cart,5773610,1487580006317032337,,irisk,1.90,459377142,958b23e5-a8e5-4f38-a92a-959d5b29b6bc
2019-12-01 05:44:13 UTC,purchase,5705014,1487580009445982239,,irisk,1.11,483642518,e049508a-e00f-4aaf-ac43-029914cd9f68
2019-12-01 05:44:44 UTC,view,5854897,1487580009445982239,,irisk,0.32,580049124,cd68f9e0-2a14-4eaf-b692-1b8dfdbeff0c
2019-12-01 05:45:44 UTC,cart,5835924,1487580009471148064,,irisk,1.51,399967334,97295285-784a-49e6-9e38-9a5a3d3d0a86
2019-12-01 05:45:46 UTC,cart,5587756,1487580006317032337,,irisk,1.59,459377142,958b23e5-a8e5-4f38-a92a-959d5b29b6bc
2019-12-01 05:45:59 UTC,cart,5773605,1487580006317032337,,irisk,1.90,459377142,958b23e5-a8e5-4f38-a92a-959d5b29b6bc
2019-12-01 05:46:01 UTC,cart,5773603,1487580006317032337,,irisk,1.59,459377142,958b23e5-a8e5-4f38-a92a-959d5b29b6bc
2019-12-01 05:46:25 UTC,cart,5773602,1487580006317032337,,irisk,2.54,459377142,958b23e5-a8e5-4f38-a92a-959d5b29b6bc
2019-12-01 05:47:23 UTC,remove_from_cart,5873629,1977575787259232875,,irisk,2.38,411936174,87672c97-b747-4ada-a84c-bd0a758e6c0c
2019-12-01 05:47:23 UTC,remove_from_cart,5873629,1977575787259232875,,irisk,2.38,411936174,87672c97-b747-4ada-a84c-bd0a758e6c0c
2019-12-01 05:47:32 UTC,view,5746974,2193074740686488401,furniture.bathroom.bath,irisk,52.70,579664496,2def3481-ec64-4a88-8c41-a597cb35aa94
2019-12-01 05:47:51 UTC,cart,5599779,1487580006962955182,,irisk,4.60,427767108,d83a8ca9-1035-a9be-566d-ab070cb7136b
2019-12-01 05:48:34 UTC,remove_from_cart,5896610,1487580005427839846,,irisk,2.48,580047208,52e47ee3-3773-4034-a71a-a3e409a41a0f
2019-12-01 05:48:36 UTC,remove_from_cart,5773607,1487580006317032337,,irisk,1.59,459377142,958b23e5-a8e5-4f38-a92a-959d5b29b6bc
2019-12-01 05:48:36 UTC,remove_from_cart,5773607,1487580006317032337,,irisk,1.59,459377142,958b23e5-a8e5-4f38-a92a-959d5b29b6bc
2019-12-01 05:48:37 UTC,remove_from_cart,5773610,1487580006317032337,,irisk,1.90,459377142,958b23e5-a8e5-4f38-a92a-959d5b29b6bc
2019-12-01 05:48:37 UTC,remove_from_cart,5773610,1487580006317032337,,irisk,1.90,459377142,958b23e5-a8e5-4f38-a92a-959d5b29b6bc
2019-12-01 05:48:42 UTC,cart,5835924,1487580009471148064,,irisk,1.51,556579890,8ef52524-9c74-6509-dec9-25d724f1729d
2019-12-01 05:48:46 UTC,remove_from_cart,5587756,1487580006317032337,,irisk,1.59,459377142,958b23e5-a8e5-4f38-a92a-959d5b29b6bc
2019-12-01 05:48:46 UTC,remove_from_cart,5587756,1487580006317032337,,irisk,1.59,459377142,958b23e5-a8e5-4f38-a92a-959d5b29b6bc
2019-12-01 05:48:48 UTC,remove_from_cart,5773605,1487580006317032337,,irisk,1.90,459377142,958b23e5-a8e5-4f38-a92a-959d5b29b6bc
2019-12-01 05:48:48 UTC,remove_from_cart,5773605,1487580006317032337,,irisk,1.90,459377142,958b23e5-a8e5-4f38-a92a-959d5b29b6bc
2019-12-01 05:48:51 UTC,remove_from_cart,5773603,1487580006317032337,,irisk,1.59,459377142,958b23e5-a8e5-4f38-a92a-959d5b29b6bc
2019-12-01 05:48:51 UTC,remove_from_cart,5773603,1487580006317032337,,irisk,1.59,459377142,958b23e5-a8e5-4f38-a92a-959d5b29b6bc
2019-12-01 05:48:52 UTC,remove_from_cart,5773602,1487580006317032337,,irisk,2.54,459377142,958b23e5-a8e5-4f38-a92a-959d5b29b6bc
2019-12-01 05:48:53 UTC,remove_from_cart,5773602,1487580006317032337,,irisk,2.54,459377142,958b23e5-a8e5-4f38-a92a-959d5b29b6bc
2019-12-01 05:48:58 UTC,view,5810145,1487580006317032337,,irisk,9.52,580064020,93f31759-8361-4cc8-b929-b241f42660da
2019-12-01 05:49:35 UTC,view,5809558,1797122099068797194,,irisk,0.48,486552664,6a099b80-693b-4bd1-b7f1-5d6c290168d6
2019-12-01 05:49:57 UTC,view,5835924,1487580009471148064,,irisk,1.51,399967334,ea61e332-68b9-4191-8d7d-283d181bf74f
2019-12-01 05:50:03 UTC,view,5816398,1487580007659209676,,irisk,2.86,551333385,cec0ae2e-9b5b-42e0-840a-9911ef3a6710
2019-12-01 05:50:17 UTC,cart,5587756,1487580006317032337,,irisk,1.59,459377142,958b23e5-a8e5-4f38-a92a-959d5b29b6bc
2019-12-01 05:50:18 UTC,cart,5773609,1487580006317032337,,irisk,1.90,459377142,958b23e5-a8e5-4f38-a92a-959d5b29b6bc
2019-12-01 05:50:26 UTC,cart,5773610,1487580006317032337,,irisk,1.90,459377142,958b23e5-a8e5-4f38-a92a-959d5b29b6bc
2019-12-01 05:50:32 UTC,remove_from_cart,5587756,1487580006317032337,,irisk,1.59,459377142,958b23e5-a8e5-4f38-a92a-959d5b29b6bc
2019-12-01 05:50:32 UTC,remove_from_cart,5587756,1487580006317032337,,irisk,1.59,459377142,958b23e5-a8e5-4f38-a92a-959d5b29b6bc
2019-12-01 05:50:48 UTC,remove_from_cart,5835924,1487580009471148064,,irisk,1.51,399967334,ea61e332-68b9-4191-8d7d-283d181bf74f
2019-12-01 05:51:47 UTC,purchase,5704995,1487580008145748965,,irisk,3.02,580053614,b590221d-f732-4149-876d-a8892a273c76
2019-12-01 05:52:10 UTC,view,5809560,1797122099068797194,,irisk,0.48,486552664,6a099b80-693b-4bd1-b7f1-5d6c290168d6
2019-12-01 05:52:17 UTC,view,5729897,1487580005092295511,,irisk,6.19,86528611,bfb8bc04-7cfc-43e6-b6a5-1fe3b541945c
2019-12-01 05:52:35 UTC,view,5809558,1797122099068797194,,irisk,0.48,486552664,6a099b80-693b-4bd1-b7f1-5d6c290168d6
2019-12-01 05:52:55 UTC,view,5847854,1487580005092295511,,irisk,3.81,580055654,1876d4e7-55a9-4685-93d0-480a3cd9a5f2
2019-12-01 05:53:04 UTC,view,5662699,1720400165430363096,,irisk,2.70,503845194,e37dd9a2-dad9-40dc-b372-0aaf0ee473b2
2019-12-01 05:54:51 UTC,view,5857192,1487580005855658874,,irisk,2.54,445078944,1c5b4be5-8e69-46f7-866e-6887c32c70a7
2019-12-01 05:55:41 UTC,view,5563594,1487580010645553231,,irisk,49.05,479331684,34c25c13-29df-4be6-a0eb-f1368cc895d0
2019-12-01 05:55:46 UTC,cart,5854892,1487580007432717250,,irisk,3.17,557560536,47f5315d-409a-4244-9fab-5e8778bdea16
2019-12-01 05:55:54 UTC,remove_from_cart,5587760,1487580006317032337,,irisk,1.59,544974136,a9fd01b4-1476-4321-8d60-0ead546b98e0
2019-12-01 05:55:54 UTC,remove_from_cart,5587760,1487580006317032337,,irisk,1.59,544974136,a9fd01b4-1476-4321-8d60-0ead546b98e0
2019-12-01 05:55:56 UTC,view,5563594,1487580010645553231,,irisk,49.05,479331684,34c25c13-29df-4be6-a0eb-f1368cc895d0
2019-12-01 05:55:57 UTC,cart,5835904,1487580007634043851,,irisk,0.63,502614824,d8a88170-391d-48a6-a9fe-f6e48bc25575
2019-12-01 05:56:02 UTC,cart,5854905,1487580009387261981,,irisk,2.86,554201837,d9b324b8-0c40-4631-a39b-1c936e2eb96f
2019-12-01 05:56:16 UTC,view,5809104,1487580012902088873,,irisk,11.19,579870401,476a4775-72a1-48e2-b841-ff3504d9fd04
2019-12-01 05:57:09 UTC,cart,5896710,1487580006962955182,,irisk,4.29,427767108,d83a8ca9-1035-a9be-566d-ab070cb7136b
2019-12-01 05:57:10 UTC,cart,5896711,1487580006962955182,,irisk,4.29,427767108,d83a8ca9-1035-a9be-566d-ab070cb7136b
